epoch,best_fit,best_step,path_len
1,4.249185915594641,159,2.56688145495108
