epoch,best_fit,best_step,path_len
1,1.8845136066378585,157,2.5347954367641927
