epoch,best_fit,best_step,path_len
1,4.2961519782511335,160,2.5829244640445275
