epoch,best_fit,best_step,path_len
1,4.324816105695605,158,2.550838445857639
