epoch,best_fit,best_step,path_len
1,2.03727401853126,82,1.3315697547558738
