epoch,best_fit,best_step,path_len
1,4.38501658219934,160,2.582924464044527
