epoch,best_fit,best_step,path_len
1,4.349073774486272,162,2.615010482231415
