epoch,best_fit,best_step,path_len
1,4.304145614353497,166,2.6791825186051934
