epoch,best_fit,best_step,path_len
1,4.141809650906009,170,2.74335455497897
